Chapter,University,Facebook,Email
Alabama,,https://www.facebook.com/FHalabama,fhhq@farmhouse.org
247458818767070,,https://www.facebook.com/pages/UAlberta-FarmHouse-Fraternity/247458818767070,
Uarkfarmhouse,,https://www.facebook.com/uarkFarmHouse/,
164470726917705,,https://www.facebook.com/pages/FarmHouse-Fraternity-at-WSU/164470726917705,wsufh.alumnipr@gmail.com
Csufarmhouse,,https://www.facebook.com/CSUFarmHouse,colostatefarmhouse@gmail.com
Idaho,,https://www.facebook.com/idahofarmhouse,idahofarmhousepublicrelations@gmail.com
Farmhouse-Fraternity-At-The-University-Of-Illinois-247485671929775,,https://www.facebook.com/FarmHouse-Fraternity-at-the-University-of-Illinois-247485671929775/,farmhouserecruitment@gmail.com
Isufarmhouse,,https://www.facebook.com/ISUFarmHouse,tgmathi@ilstu.edu
120640331289527,,https://www.facebook.com/pages/FarmHouse-Fraternity-Iowa-State-Chapter/120640331289527,
Ksfarmhouse,,https://www.facebook.com/KSFarmHouse,
Msufarmhouse,,https://www.facebook.com/MSUFarmHouse,michiganstatefh@gmail.com
214428845291089,,https://www.facebook.com/pages/Minnesota-FarmHouse-Fraternity/214428845291089,clore004@umn.edu
Mississippistatefarmhouse,,https://www.facebook.com/MississippiStateFarmhouse,
Mizzoufarmhouse,,https://www.facebook.com/MizzouFarmHouse/,curt@farmhouse.org
Farmhousefraternityunl,,https://www.facebook.com/FarmHouseFraternityUNL/,
112687765473280,,https://www.facebook.com/pages/NDSU-FarmHouse-Fraternity/112687765473280,ndsufarmhouse@gmail.com
385754690074,,https://www.facebook.com/pages/FarmHouse-ATZ-Chapter-at-Ohio-State/385754690074,
Fhosu,,https://www.facebook.com/fhosu,
Farmhouse-Fraternity-Oregon-State-Chapter-133569230044634,,https://www.facebook.com/FarmHouse-Fraternity-Oregon-State-Chapter-133569230044634,
Purdue,,https://www.facebook.com/PurdueFH,purduefh@gmail.com
Sdstatefarmhouse,,https://www.facebook.com/SDStateFarmHouse,sdsufarmhouse@gmail.com
Siu,,https://www.facebook.com/SIUFH/,
173545839354109,,https://www.facebook.com/pages/Tennessee-FarmHouse/173545839354109,utkfarmhousefraternity@gmail.com
Ttu,,https://www.facebook.com/ttufarmhouse,farmhouse.ttu@outlook.com
215870888476275,,https://www.facebook.com/pages/FarmHouse-Troy-University/215870888476275,farmhouse@troy.edu
Wku,,https://www.facebook.com/wkufarmhouse,fhhq@farmhouse.org
Wichitastatefarmhouse,,https://www.facebook.com/WichitaStateFarmHouse/,jwrockey@shockers.wichita.edu
Farmhouse-Fraternity-Wilmington-College-191237891644459,,https://www.facebook.com/FarmHouse-Fraternity-Wilmington-College-191237891644459/,samuel@farmhouse.org
198439316874154,,https://www.facebook.com/pages/UW-Platteville-FarmHouse-Fraternity/198439316874154,
Moreheadstate,,https://m.facebook.com/farmhousemoreheadstate/,
