Chapter,Email_Type,Email
Alpha,Basileus,AlphaBasileus@oppf.org
Alpha,KRS,AlphaKRS@oppf.org
Alpha Alpha,Basileus,AlphaAlphaBasileus@oppf.org
Alpha Alpha,KRS,AlphaAlphaKRS@oppf.org
Alpha Alpha Alpha,Basileus,AlphaAlphaAlphaBasileus@oppf.org
Alpha Alpha Alpha,KRS,AlphaAlphaAlphaKRS@oppf.org
Alpha Beta,Basileus,AlphaBetaBasileus@oppf.org
Alpha Beta,KRS,AlphaBetaKRS@oppf.org
Alpha Beta Beta,Basileus,AlphaBetaBetaBasileus@oppf.org
Alpha Beta Beta,KRS,AlphaBetaBetaKRS@oppf.org
Alpha Chi,Basileus,AlphaChiBasileus@oppf.org
Alpha Chi,KRS,AlphaChiKRS@oppf.org
Alpha Delta,Basileus,AlphaDeltaBasileus@oppf.org
Alpha Delta,KRS,AlphaDeltaKRS@oppf.org
Alpha Delta Alpha,Basileus,AlphaDeltaAlphaBasileus@oppf.org
Alpha Delta Alpha,KRS,AlphaDeltaAlphaKRS@oppf.org
Alpha Delta Beta,Basileus,AlphaDeltaBetaBasileus@oppf.org
Alpha Delta Beta,KRS,AlphaDeltaBetaKRS@oppf.org
Alpha Delta Chi,Basileus,AlphaDeltaChiBasileus@oppf.org
Alpha Delta Chi,KRS,AlphaDeltaChiKRS@oppf.org
Alpha Delta Delta,Basileus,AlphaDeltaDeltaBasileus@oppf.org
Alpha Delta Delta,KRS,AlphaDeltaDeltaKRS@oppf.org
Alpha Delta Epsilon,Basileus,AlphaDeltaEpsilonBasileus@oppf.org
Alpha Delta Epsilon,KRS,AlphaDeltaEpsilonKRS@oppf.org
Alpha Delta Eta,Basileus,AlphaDeltaEtaBasileus@oppf.org
Alpha Delta Eta,KRS,AlphaDeltaEtaKRS@oppf.org
Alpha Delta Gamma,Basileus,AlphaDeltaGammaBasileus@oppf.org
Alpha Delta Gamma,KRS,AlphaDeltaGammaKRS@oppf.org
Alpha Delta Iota,Basileus,AlphaDeltaIotaBasileus@oppf.org
Alpha Delta Iota,KRS,AlphaDeltaIotaKRS@oppf.org
Alpha Delta Kappa,Basileus,AlphaDeltaKappaBasileus@oppf.org
Alpha Delta Kappa,KRS,AlphaDeltaKappaKRS@oppf.org
Alpha Delta Lambda,Basileus,AlphaDeltaLambdaBasileus@oppf.org
Alpha Delta Lambda,KRS,AlphaDeltaLambdaKRS@oppf.org
Alpha Delta Mu,Basileus,AlphaDeltaMuBasileus@oppf.org
Alpha Delta Mu,KRS,AlphaDeltaMuKRS@oppf.org
Alpha Delta Nu,Basileus,AlphaDeltaNuBasileus@oppf.org
Alpha Delta Nu,KRS,AlphaDeltaNuKRS@oppf.org
Alpha Delta Omega,Basileus,AlphaDeltaOmegaBasileus@oppf.org
Alpha Delta Omega,KRS,AlphaDeltaOmegaKRS@oppf.org
Alpha Delta Omicron,Basileus,AlphaDeltaOmicronBasileus@oppf.org
Alpha Delta Omicron,KRS,AlphaDeltaOmicronKRS@oppf.org
Alpha Delta Phi,Basileus,AlphaDeltaPhiBasileus@oppf.org
Alpha Delta Phi,KRS,AlphaDeltaPhiKRS@oppf.org
Alpha Delta Pi,Basileus,AlphaDeltaPiBasileus@oppf.org
Alpha Delta Pi,KRS,AlphaDeltaPiKRS@oppf.org
Alpha Delta Psi,Basileus,AlphaDeltaPsiBasileus@oppf.org
Alpha Delta Psi,KRS,AlphaDeltaPsiKRS@oppf.org
Alpha Delta Rho,Basileus,AlphaDeltaRhoBasileus@oppf.org
Alpha Delta Rho,KRS,AlphaDeltaRhoKRS@oppf.org
Alpha Delta Sigma,Basileus,AlphaDeltaSigmaBasileus@oppf.org
Alpha Delta Sigma,KRS,AlphaDeltaSigmaKRS@oppf.org
Alpha Delta Tau,Basileus,AlphaDeltaTauBasileus@oppf.org
Alpha Delta Tau,KRS,AlphaDeltaTauKRS@oppf.org
Alpha Delta Theta,Basileus,AlphaDeltaThetaBasileus@oppf.org
Alpha Delta Theta,KRS,AlphaDeltaThetaKRS@oppf.org
Alpha Delta Upsilon,Basileus,AlphaDeltaUpsilonBasileus@oppf.org
Alpha Delta Upsilon,KRS,AlphaDeltaUpsilonKRS@oppf.org
Alpha Delta Xi,Basileus,AlphaDeltaXiBasileus@oppf.org
Alpha Delta Xi,KRS,AlphaDeltaXiKRS@oppf.org
Alpha Delta Zeta,Basileus,AlphaDeltaZetaBasileus@oppf.org
Alpha Delta Zeta,KRS,AlphaDeltaZetaKRS@oppf.org
Alpha Epsilon,Basileus,AlphaEpsilonBasileus@oppf.org
Alpha Epsilon,KRS,AlphaEpsilonKRS@oppf.org
Alpha Epsilon Alpha,Basileus,AlphaEpsilonAlphaBasileus@oppf.org
Alpha Epsilon Alpha,KRS,AlphaEpsilonAlphaKRS@oppf.org
Alpha Epsilon Beta,Basileus,AlphaEpsilonBetaBasileus@oppf.org
Alpha Epsilon Beta,KRS,AlphaEpsilonBetaKRS@oppf.org
Alpha Epsilon Delta,Basileus,AlphaEpsilonDeltaBasileus@oppf.org
Alpha Epsilon Delta,KRS,AlphaEpsilonDeltaKRS@oppf.org
Alpha Epsilon Epsilon,Basileus,AlphaEpsilonEpsilonBasileus@oppf.org
Alpha Epsilon Epsilon,KRS,AlphaEpsilonEpsilonKRS@oppf.org
Alpha Epsilon Eta,Basileus,AlphaEpsilonEtaBasileus@oppf.org
Alpha Epsilon Eta,KRS,AlphaEpsilonEtaKRS@oppf.org
Alpha Epsilon Gamma,Basileus,AlphaEpsilonGammaBasileus@oppf.org
Alpha Epsilon Gamma,KRS,AlphaEpsilonGammaKRS@oppf.org
Alpha Epsilon Nu,Basileus,AlphaEpsilonNuBasileus@oppf.org
Alpha Epsilon Nu,KRS,AlphaEpsilonNuKRS@oppf.org
Alpha Epsilon Theta,Basileus,AlphaEpsilonThetaBasileus@oppf.org
Alpha Epsilon Theta,KRS,AlphaEpsilonThetaKRS@oppf.org
Alpha Epsilon Zeta,Basileus,AlphaEpsilonZetaBasileus@oppf.org
Alpha Epsilon Zeta,KRS,AlphaEpsilonZetaKRS@oppf.org
Alpha Eta,Basileus,AlphaEtaBasileus@oppf.org
Alpha Eta,KRS,AlphaEtaKRS@oppf.org
Alpha Gamma,Basileus,AlphaGammaBasileus@oppf.org
Alpha Gamma,KRS,AlphaGammaKRS@oppf.org
Alpha Gamma Gamma,Basileus,AlphaGammaGammaBasileus@oppf.org
Alpha Gamma Gamma,KRS,AlphaGammaGammaKRS@oppf.org
Alpha Iota,Basileus,AlphaIotaBasileus@oppf.org
Alpha Iota,KRS,AlphaIotaKRS@oppf.org
Alpha Iota Iota,Basileus,AlphaIotaIotaBasileus@oppf.org
Alpha Iota Iota,KRS,AlphaIotaIotaKRS@oppf.org
Alpha Kappa,Basileus,AlphaKappaBasileus@oppf.org
Alpha Kappa,KRS,AlphaKappaKRS@oppf.org
Alpha Kappa Kappa,Basileus,AlphaKappaKappaBasileus@oppf.org
Alpha Kappa Kappa,KRS,AlphaKappaKappaKRS@oppf.org
Alpha Lambda,Basileus,AlphaLambdaBasileus@oppf.org
Alpha Lambda,KRS,AlphaLambdaKRS@oppf.org
Alpha Lambda Lambda,Basileus,AlphaLambdaLambdaBasileus@oppf.org
Alpha Lambda Lambda,KRS,AlphaLambdaLambdaKRS@oppf.org
Alpha Mu,Basileus,AlphaMuBasileus@oppf.org
Alpha Mu,KRS,AlphaMuKRS@oppf.org
Alpha Mu Mu,Basileus,AlphaMuMuBasileus@oppf.org
Alpha Mu Mu,KRS,AlphaMuMuKRS@oppf.org
Alpha Mu Nu,Basileus,AlphaMuNuBasileus@oppf.org
Alpha Mu Nu,KRS,AlphaMuNuKRS@oppf.org
Alpha Nu,Basileus,AlphaNuBasileus@oppf.org
Alpha Nu,KRS,AlphaNuKRS@oppf.org
Alpha Nu Nu,Basileus,AlphaNuNuBasileus@oppf.org
Alpha Nu Nu,KRS,AlphaNuNuKRS@oppf.org
Alpha Omega,Basileus,AlphaOmegaBasileus@oppf.org
Alpha Omega,KRS,AlphaOmegaKRS@oppf.org
Alpha Omicron,Basileus,AlphaOmicronBasileus@oppf.org
Alpha Omicron,KRS,AlphaOmicronKRS@oppf.org
Alpha Phi,Basileus,AlphaPhiBasileus@oppf.org
Alpha Phi,KRS,AlphaPhiKRS@oppf.org
Alpha Pi,Basileus,AlphaPiBasileus@oppf.org
Alpha Pi,KRS,AlphaPiKRS@oppf.org
Alpha Psi,Basileus,AlphaPsiBasileus@oppf.org
Alpha Psi,KRS,AlphaPsiKRS@oppf.org
Alpha Rho,Basileus,AlphaRhoBasileus@oppf.org
Alpha Rho,KRS,AlphaRhoKRS@oppf.org
Alpha Sigma,Basileus,AlphaSigmaBasileus@oppf.org
Alpha Sigma,KRS,AlphaSigmaKRS@oppf.org
Alpha Tau,Basileus,AlphaTauBasileus@oppf.org
Alpha Tau,KRS,AlphaTauKRS@oppf.org
Alpha Theta,Basileus,AlphaThetaBasileus@oppf.org
Alpha Theta,KRS,AlphaThetaKRS@oppf.org
Alpha Upsilon,Basileus,AlphaUpsilonBasileus@oppf.org
Alpha Upsilon,KRS,AlphaUpsilonKRS@oppf.org
Alpha Xi,Basileus,AlphaXiBasileus@oppf.org
Alpha Xi,KRS,AlphaXiKRS@oppf.org
Alpha Zeta,Basileus,AlphaZetaBasileus@oppf.org
Alpha Zeta,KRS,AlphaZetaKRS@oppf.org
Beta,Basileus,BetaBasileus@oppf.org
Beta,KRS,BetaKRS@oppf.org
Beta Alpha,Basileus,BetaAlphaBasileus@oppf.org
Beta Alpha,KRS,BetaAlphaKRS@oppf.org
Beta Alpha Alpha,Basileus,BetaAlphaAlphaBasileus@oppf.org
Beta Alpha Alpha,KRS,BetaAlphaAlphaKRS@oppf.org
Beta Beta,Basileus,BetaBetaBasileus@oppf.org
Beta Beta,KRS,BetaBetaKRS@oppf.org
Beta Beta Beta,Basileus,BetaBetaBetaBasileus@oppf.org
Beta Beta Beta,KRS,BetaBetaBetaKRS@oppf.org
Beta Chi,Basileus,BetaChiBasileus@oppf.org
Beta Chi,KRS,BetaChiKRS@oppf.org
Beta Delta,Basileus,BetaDeltaBasileus@oppf.org
Beta Delta,KRS,BetaDeltaKRS@oppf.org
Beta Delta Delta,Basileus,BetaDeltaDeltaBasileus@oppf.org
Beta Delta Delta,KRS,BetaDeltaDeltaKRS@oppf.org
Beta Epsilon,Basileus,BetaEpsilonBasileus@oppf.org
Beta Epsilon,KRS,BetaEpsilonKRS@oppf.org
Beta Eta,Basileus,BetaEtaBasileus@oppf.org
Beta Eta,KRS,BetaEtaKRS@oppf.org
Beta Gamma,Basileus,BetaGammaBasileus@oppf.org
Beta Gamma,KRS,BetaGammaKRS@oppf.org
Beta Gamma Gamma,Basileus,BetaGammaGammaBasileus@oppf.org
Beta Gamma Gamma,KRS,BetaGammaGammaKRS@oppf.org
Beta Iota,Basileus,BetaIotaBasileus@oppf.org
Beta Iota,KRS,BetaIotaKRS@oppf.org
Beta Iota Iota,Basileus,BetaIotaIotaBasileus@oppf.org
Beta Iota Iota,KRS,BetaIotaIotaKRS@oppf.org
Beta Kappa,Basileus,BetaKappaBasileus@oppf.org
Beta Kappa,KRS,BetaKappaKRS@oppf.org
Beta Kappa Kappa,Basileus,BetaKappaKappaBasileus@oppf.org
Beta Kappa Kappa,KRS,BetaKappaKappaKRS@oppf.org
Beta Lambda,Basileus,BetaLambdaBasileus@oppf.org
Beta Lambda,KRS,BetaLambdaKRS@oppf.org
Beta Lambda Lambda,Basileus,BetaLambdaLambdaBasileus@oppf.org
Beta Lambda Lambda,KRS,BetaLambdaLambdaKRS@oppf.org
Beta Mu,Basileus,BetaMuBasileus@oppf.org
Beta Mu,KRS,BetaMuKRS@oppf.org
Beta Mu Mu,Basileus,BetaMuMuBasileus@oppf.org
Beta Mu Mu,KRS,BetaMuMuKRS@oppf.org
Beta Mu Nu,Basileus,BetaMuNuBasileus@oppf.org
Beta Mu Nu,KRS,BetaMuNuKRS@oppf.org
Beta Nu,Basileus,BetaNuBasileus@oppf.org
Beta Nu,KRS,BetaNuKRS@oppf.org
Beta Nu Nu,Basileus,BetaNuNuBasileus@oppf.org
Beta Nu Nu,KRS,BetaNuNuKRS@oppf.org
Beta Omega,Basileus,BetaOmegaBasileus@oppf.org
Beta Omega,KRS,BetaOmegaKRS@oppf.org
Beta Omicron,Basileus,BetaOmicronBasileus@oppf.org
Beta Omicron,KRS,BetaOmicronKRS@oppf.org
Beta Phi,Basileus,BetaPhiBasileus@oppf.org
Beta Phi,KRS,BetaPhiKRS@oppf.org
Beta Pi,Basileus,BetaPiBasileus@oppf.org
Beta Pi,KRS,BetaPiKRS@oppf.org
Beta Psi,Basileus,BetaPsiBasileus@oppf.org
Beta Psi,KRS,BetaPsiKRS@oppf.org
Beta Rho,Basileus,BetaRhoBasileus@oppf.org
Beta Rho,KRS,BetaRhoKRS@oppf.org
Beta Sigma,Basileus,BetaSigmaBasileus@oppf.org
Beta Sigma,KRS,BetaSigmaKRS@oppf.org
Beta Tau,Basileus,BetaTauBasileus@oppf.org
Beta Tau,KRS,BetaTauKRS@oppf.org
Beta Theta,Basileus,BetaThetaBasileus@oppf.org
Beta Theta,KRS,BetaThetaKRS@oppf.org
Beta Upsilon,Basileus,BetaUpsilonBasileus@oppf.org
Beta Upsilon,KRS,BetaUpsilonKRS@oppf.org
Beta Xi,Basileus,BetaXiBasileus@oppf.org
Beta Xi,KRS,BetaXiKRS@oppf.org
Beta Xi Nu,Basileus,BetaXiNuBasileus@oppf.org
Beta Xi Nu,KRS,BetaXiNuKRS@oppf.org
Beta Zeta,Basileus,BetaZetaBasileus@oppf.org
Beta Zeta,KRS,BetaZetaKRS@oppf.org
Chi,Basileus,ChiBasileus@oppf.org
Chi,KRS,ChiKRS@oppf.org
Chi Alpha,Basileus,ChiAlphaBasileus@oppf.org
Chi Alpha,KRS,ChiAlphaKRS@oppf.org
Chi Alpha Alpha,Basileus,ChiAlphaAlphaBasileus@oppf.org
Chi Alpha Alpha,KRS,ChiAlphaAlphaKRS@oppf.org
Chi Beta,Basileus,ChiBetaBasileus@oppf.org
Chi Beta,KRS,ChiBetaKRS@oppf.org
Chi Beta Beta,Basileus,ChiBetaBetaBasileus@oppf.org
Chi Beta Beta,KRS,ChiBetaBetaKRS@oppf.org
Chi Chi,Basileus,ChiChiBasileus@oppf.org
Chi Chi,KRS,ChiChiKRS@oppf.org
Chi Delta,Basileus,ChiDeltaBasileus@oppf.org
Chi Delta,KRS,ChiDeltaKRS@oppf.org
Chi Delta Delta,Basileus,ChiDeltaDeltaBasileus@oppf.org
Chi Delta Delta,KRS,ChiDeltaDeltaKRS@oppf.org
Chi Epsilon,Basileus,ChiEpsilonBasileus@oppf.org
Chi Epsilon,KRS,ChiEpsilonKRS@oppf.org
Chi Eta,Basileus,ChiEtaBasileus@oppf.org
Chi Eta,KRS,ChiEtaKRS@oppf.org
Chi Gamma,Basileus,ChiGammaBasileus@oppf.org
Chi Gamma,KRS,ChiGammaKRS@oppf.org
Chi Gamma Gamma,Basileus,ChiGammaGammaBasileus@oppf.org
Chi Gamma Gamma,KRS,ChiGammaGammaKRS@oppf.org
Chi Iota,Basileus,ChiIotaBasileus@oppf.org
Chi Iota,KRS,ChiIotaKRS@oppf.org
Chi Iota Iota,Basileus,ChiIotaIotaBasileus@oppf.org
Chi Iota Iota,KRS,ChiIotaIotaKRS@oppf.org
Chi Kappa,Basileus,ChiKappaBasileus@oppf.org
Chi Kappa,KRS,ChiKappaKRS@oppf.org
Chi Kappa Kappa,Basileus,ChiKappaKappaBasileus@oppf.org
Chi Kappa Kappa,KRS,ChiKappaKappaKRS@oppf.org
Chi Lambda,Basileus,ChiLambdaBasileus@oppf.org
Chi Lambda,KRS,ChiLambdaKRS@oppf.org
Chi Lambda Lambda,Basileus,ChiLambdaLambdaBasileus@oppf.org
Chi Lambda Lambda,KRS,ChiLambdaLambdaKRS@oppf.org
Chi Mu,Basileus,ChiMuBasileus@oppf.org
Chi Mu,KRS,ChiMuKRS@oppf.org
Chi Mu Mu,Basileus,ChiMuMuBasileus@oppf.org
Chi Mu Mu,KRS,ChiMuMuKRS@oppf.org
Chi Mu Nu,Basileus,ChiMuNuBasileus@oppf.org
Chi Mu Nu,KRS,ChiMuNuKRS@oppf.org
Chi Nu,Basileus,ChiNuBasileus@oppf.org
Chi Nu,KRS,ChiNuKRS@oppf.org
Chi Nu Nu,Basileus,ChiNuNuBasileus@oppf.org
Chi Nu Nu,KRS,ChiNuNuKRS@oppf.org
Chi Omega,Basileus,ChiOmegaBasileus@oppf.org
Chi Omega,KRS,ChiOmegaKRS@oppf.org
Chi Omicron,Basileus,ChiOmicronBasileus@oppf.org
Chi Omicron,KRS,ChiOmicronKRS@oppf.org
Chi Phi,Basileus,ChiPhiBasileus@oppf.org
Chi Phi,KRS,ChiPhiKRS@oppf.org
Chi Pi,Basileus,ChiPiBasileus@oppf.org
Chi Pi,KRS,ChiPiKRS@oppf.org
Chi Psi,Basileus,ChiPsiBasileus@oppf.org
Chi Psi,KRS,ChiPsiKRS@oppf.org
Chi Rho,Basileus,ChiRhoBasileus@oppf.org
Chi Rho,KRS,ChiRhoKRS@oppf.org
Chi Sigma,Basileus,ChiSigmaBasileus@oppf.org
Chi Sigma,KRS,ChiSigmaKRS@oppf.org
Chi Tau,Basileus,ChiTauBasileus@oppf.org
Chi Tau,KRS,ChiTauKRS@oppf.org
Chi Tau Tau,Basileus,ChiTauTauBasileus@oppf.org
Chi Tau Tau,KRS,ChiTauTauKRS@oppf.org
Chi Theta,Basileus,ChiThetaBasileus@oppf.org
Chi Theta,KRS,ChiThetaKRS@oppf.org
Chi Upsilon,Basileus,ChiUpsilonBasileus@oppf.org
Chi Upsilon,KRS,ChiUpsilonKRS@oppf.org
Chi Xi,Basileus,ChiXiBasileus@oppf.org
Chi Xi,KRS,ChiXiKRS@oppf.org
Chi Zeta,Basileus,ChiZetaBasileus@oppf.org
Chi Zeta,KRS,ChiZetaKRS@oppf.org
Delta,Basileus,DeltaBasileus@oppf.org
Delta,KRS,DeltaKRS@oppf.org
Delta Alpha,Basileus,DeltaAlphaBasileus@oppf.org
Delta Alpha,KRS,DeltaAlphaKRS@oppf.org
Delta Alpha Alpha,Basileus,DeltaAlphaAlphaBasileus@oppf.org
Delta Alpha Alpha,KRS,DeltaAlphaAlphaKRS@oppf.org
Delta Beta,Basileus,DeltaBetaBasileus@oppf.org
Delta Beta,KRS,DeltaBetaKRS@oppf.org
Delta Beta Beta,Basileus,DeltaBetaBetaBasileus@oppf.org
Delta Beta Beta,KRS,DeltaBetaBetaKRS@oppf.org
Delta Chi,Basileus,DeltaChiBasileus@oppf.org
Delta Chi,KRS,DeltaChiKRS@oppf.org
Delta Delta,Basileus,DeltaDeltaBasileus@oppf.org
Delta Delta,KRS,DeltaDeltaKRS@oppf.org
Delta Delta Delta,Basileus,DeltaDeltaDeltaBasileus@oppf.org
Delta Delta Delta,KRS,DeltaDeltaDeltaKRS@oppf.org
Delta Epsilon,Basileus,DeltaEpsilonBasileus@oppf.org
Delta Epsilon,KRS,DeltaEpsilonKRS@oppf.org
Delta Eta,Basileus,DeltaEtaBasileus@oppf.org
Delta Eta,KRS,DeltaEtaKRS@oppf.org
Delta Gamma,Basileus,DeltaGammaBasileus@oppf.org
Delta Gamma,KRS,DeltaGammaKRS@oppf.org
Delta Gamma Gamma,Basileus,DeltaGammaGammaBasileus@oppf.org
Delta Gamma Gamma,KRS,DeltaGammaGammaKRS@oppf.org
Delta Iota,Basileus,DeltaIotaBasileus@oppf.org
Delta Iota,KRS,DeltaIotaKRS@oppf.org
Delta Iota Iota,Basileus,DeltaIotaIotaBasileus@oppf.org
Delta Iota Iota,KRS,DeltaIotaIotaKRS@oppf.org
Delta Kappa,Basileus,DeltaKappaBasileus@oppf.org
Delta Kappa,KRS,DeltaKappaKRS@oppf.org
Delta Kappa Kappa,Basileus,DeltaKappaKappaBasileus@oppf.org
Delta Kappa Kappa,KRS,DeltaKappaKappaKRS@oppf.org
Delta Lambda,Basileus,DeltaLambdaBasileus@oppf.org
Delta Lambda,KRS,DeltaLambdaKRS@oppf.org
Delta Lambda Lambda,Basileus,DeltaLambdaLambdaBasileus@oppf.org
Delta Lambda Lambda,KRS,DeltaLambdaLambdaKRS@oppf.org
Delta Mu,Basileus,DeltaMuBasileus@oppf.org
Delta Mu,KRS,DeltaMuKRS@oppf.org
Delta Mu Mu,Basileus,DeltaMuMuBasileus@oppf.org
Delta Mu Mu,KRS,DeltaMuMuKRS@oppf.org
Delta Mu Nu,Basileus,DeltaMuNuBasileus@oppf.org
Delta Mu Nu,KRS,DeltaMuNuKRS@oppf.org
Delta Nu,Basileus,DeltaNuBasileus@oppf.org
Delta Nu,KRS,DeltaNuKRS@oppf.org
Delta Nu Nu,Basileus,DeltaNuNuBasileus@oppf.org
Delta Nu Nu,KRS,DeltaNuNuKRS@oppf.org
Delta Omega,Basileus,DeltaOmegaBasileus@oppf.org
Delta Omega,KRS,DeltaOmegaKRS@oppf.org
Delta Omicron,Basileus,DeltaOmicronBasileus@oppf.org
Delta Omicron,KRS,DeltaOmicronKRS@oppf.org
Delta Phi,Basileus,DeltaPhiBasileus@oppf.org
Delta Phi,KRS,DeltaPhiKRS@oppf.org
Delta Pi,Basileus,DeltaPiBasileus@oppf.org
Delta Pi,KRS,DeltaPiKRS@oppf.org
Delta Psi,Basileus,DeltaPsiBasileus@oppf.org
Delta Psi,KRS,DeltaPsiKRS@oppf.org
Delta Rho,Basileus,DeltaRhoBasileus@oppf.org
Delta Rho,KRS,DeltaRhoKRS@oppf.org
Delta Sigma,Basileus,DeltaSigmaBasileus@oppf.org
Delta Sigma,KRS,DeltaSigmaKRS@oppf.org
Delta Tau,Basileus,DeltaTauBasileus@oppf.org
Delta Tau,KRS,DeltaTauKRS@oppf.org
Delta Theta,Basileus,DeltaThetaBasileus@oppf.org
Delta Theta,KRS,DeltaThetaKRS@oppf.org
Delta Upsilon,Basileus,DeltaUpsilonBasileus@oppf.org
Delta Upsilon,KRS,DeltaUpsilonKRS@oppf.org
Delta Xi,Basileus,DeltaXiBasileus@oppf.org
Delta Xi,KRS,DeltaXiKRS@oppf.org
Delta Xi Nu,Basileus,DeltaXiNuBasileus@oppf.org
Delta Xi Nu,KRS,DeltaXiNuKRS@oppf.org
Delta Zeta,Basileus,DeltaZetaBasileus@oppf.org
Delta Zeta,KRS,DeltaZetaKRS@oppf.org
District 14,Basileus,District14Basileus@oppf.org
District 14,KRS,District14KRS@oppf.org
Epsilon,Basileus,EpsilonBasileus@oppf.org
Epsilon,KRS,EpsilonKRS@oppf.org
Epsilon Alpha,Basileus,EpsilonAlphaBasileus@oppf.org
Epsilon Alpha,KRS,EpsilonAlphaKRS@oppf.org
Epsilon Alpha Alpha,Basileus,EpsilonAlphaAlphaBasileus@oppf.org
Epsilon Alpha Alpha,KRS,EpsilonAlphaAlphaKRS@oppf.org
Epsilon Beta,Basileus,EpsilonBetaBasileus@oppf.org
Epsilon Beta,KRS,EpsilonBetaKRS@oppf.org
Epsilon Beta Beta,Basileus,EpsilonBetaBetaBasileus@oppf.org
Epsilon Beta Beta,KRS,EpsilonBetaBetaKRS@oppf.org
Epsilon Chi,Basileus,EpsilonChiBasileus@oppf.org
Epsilon Chi,KRS,EpsilonChiKRS@oppf.org
Epsilon Delta,Basileus,EpsilonDeltaBasileus@oppf.org
Epsilon Delta,KRS,EpsilonDeltaKRS@oppf.org
Epsilon Delta Delta,Basileus,EpsilonDeltaDeltaBasileus@oppf.org
Epsilon Delta Delta,KRS,EpsilonDeltaDeltaKRS@oppf.org
Epsilon Epsilon,Basileus,EpsilonEpsilonBasileus@oppf.org
Epsilon Epsilon,KRS,EpsilonEpsilonKRS@oppf.org
Epsilon Eta,Basileus,EpsilonEtaBasileus@oppf.org
Epsilon Eta,KRS,EpsilonEtaKRS@oppf.org
Epsilon Gamma,Basileus,EpsilonGammaBasileus@oppf.org
Epsilon Gamma,KRS,EpsilonGammaKRS@oppf.org
Epsilon Gamma Gamma,Basileus,EpsilonGammaGammaBasileus@oppf.org
Epsilon Gamma Gamma,KRS,EpsilonGammaGammaKRS@oppf.org
Epsilon Iota,Basileus,EpsilonIotaBasileus@oppf.org
Epsilon Iota,KRS,EpsilonIotaKRS@oppf.org
Epsilon Iota Iota,Basileus,EpsilonIotaIotaBasileus@oppf.org
Epsilon Iota Iota,KRS,EpsilonIotaIotaKRS@oppf.org
Epsilon Kappa,Basileus,EpsilonKappaBasileus@oppf.org
Epsilon Kappa,KRS,EpsilonKappaKRS@oppf.org
Epsilon Kappa Kappa,Basileus,EpsilonKappaKappaBasileus@oppf.org
Epsilon Kappa Kappa,KRS,EpsilonKappaKappaKRS@oppf.org
Epsilon Lambda,Basileus,EpsilonLambdaBasileus@oppf.org
Epsilon Lambda,KRS,EpsilonLambdaKRS@oppf.org
Epsilon Lambda Lambda,Basileus,EpsilonLambdaLambdaBasileus@oppf.org
Epsilon Lambda Lambda,KRS,EpsilonLambdaLambdaKRS@oppf.org
Epsilon Mu,Basileus,EpsilonMuBasileus@oppf.org
Epsilon Mu,KRS,EpsilonMuKRS@oppf.org
Epsilon Mu Mu,Basileus,EpsilonMuMuBasileus@oppf.org
Epsilon Mu Mu,KRS,EpsilonMuMuKRS@oppf.org
Epsilon Mu Nu,Basileus,EpsilonMuNuBasileus@oppf.org
Epsilon Mu Nu,KRS,EpsilonMuNuKRS@oppf.org
Epsilon Nu,Basileus,EpsilonNuBasileus@oppf.org
Epsilon Nu,KRS,EpsilonNuKRS@oppf.org
Epsilon Nu Nu,Basileus,EpsilonNuNuBasileus@oppf.org
Epsilon Nu Nu,KRS,EpsilonNuNuKRS@oppf.org
Epsilon Omega,Basileus,EpsilonOmegaBasileus@oppf.org
Epsilon Omega,KRS,EpsilonOmegaKRS@oppf.org
Epsilon Omicron,Basileus,EpsilonOmicronBasileus@oppf.org
Epsilon Omicron,KRS,EpsilonOmicronKRS@oppf.org
Epsilon Phi,Basileus,EpsilonPhiBasileus@oppf.org
Epsilon Phi,KRS,EpsilonPhiKRS@oppf.org
Epsilon Pi,Basileus,EpsilonPiBasileus@oppf.org
Epsilon Pi,KRS,EpsilonPiKRS@oppf.org
Epsilon Psi,Basileus,EpsilonPsiBasileus@oppf.org
Epsilon Psi,KRS,EpsilonPsiKRS@oppf.org
Epsilon Rho,Basileus,EpsilonRhoBasileus@oppf.org
Epsilon Rho,KRS,EpsilonRhoKRS@oppf.org
Epsilon Sigma,Basileus,EpsilonSigmaBasileus@oppf.org
Epsilon Sigma,KRS,EpsilonSigmaKRS@oppf.org
Epsilon Tau,Basileus,EpsilonTauBasileus@oppf.org
Epsilon Tau,KRS,EpsilonTauKRS@oppf.org
Epsilon Theta,Basileus,EpsilonThetaBasileus@oppf.org
Epsilon Theta,KRS,EpsilonThetaKRS@oppf.org
Epsilon Upsilon,Basileus,EpsilonUpsilonBasileus@oppf.org
Epsilon Upsilon,KRS,EpsilonUpsilonKRS@oppf.org
Epsilon Xi,Basileus,EpsilonXiBasileus@oppf.org
Epsilon Xi,KRS,EpsilonXiKRS@oppf.org
Epsilon Xi Nu,Basileus,EpsilonXiNuBasileus@oppf.org
Epsilon Xi Nu,KRS,EpsilonXiNuKRS@oppf.org
Epsilon Zeta,Basileus,EpsilonZetaBasileus@oppf.org
Epsilon Zeta,KRS,EpsilonZetaKRS@oppf.org
Eta,Basileus,EtaBasileus@oppf.org
Eta,KRS,EtaKRS@oppf.org
Eta Alpha,Basileus,EtaAlphaBasileus@oppf.org
Eta Alpha,KRS,EtaAlphaKRS@oppf.org
Eta Alpha Alpha,Basileus,EtaAlphaAlphaBasileus@oppf.org
Eta Alpha Alpha,KRS,EtaAlphaAlphaKRS@oppf.org
Eta Beta,Basileus,EtaBetaBasileus@oppf.org
Eta Beta,KRS,EtaBetaKRS@oppf.org
Eta Beta Beta,Basileus,EtaBetaBetaBasileus@oppf.org
Eta Beta Beta,KRS,EtaBetaBetaKRS@oppf.org
Eta Chi,Basileus,EtaChiBasileus@oppf.org
Eta Chi,KRS,EtaChiKRS@oppf.org
Eta Delta,Basileus,EtaDeltaBasileus@oppf.org
Eta Delta,KRS,EtaDeltaKRS@oppf.org
Eta Delta Delta,Basileus,EtaDeltaDeltaBasileus@oppf.org
Eta Delta Delta,KRS,EtaDeltaDeltaKRS@oppf.org
Eta Epsilon,Basileus,EtaEpsilonBasileus@oppf.org
Eta Epsilon,KRS,EtaEpsilonKRS@oppf.org
Eta Eta,Basileus,EtaEtaBasileus@oppf.org
Eta Eta,KRS,EtaEtaKRS@oppf.org
Eta Gamma,Basileus,EtaGammaBasileus@oppf.org
Eta Gamma,KRS,EtaGammaKRS@oppf.org
Eta Gamma Gamma,Basileus,EtaGammaGammaBasileus@oppf.org
Eta Gamma Gamma,KRS,EtaGammaGammaKRS@oppf.org
Eta Iota,Basileus,EtaIotaBasileus@oppf.org
Eta Iota,KRS,EtaIotaKRS@oppf.org
Eta Iota Iota,Basileus,EtaIotaIotaBasileus@oppf.org
Eta Iota Iota,KRS,EtaIotaIotaKRS@oppf.org
Eta Kappa,Basileus,EtaKappaBasileus@oppf.org
Eta Kappa,KRS,EtaKappaKRS@oppf.org
Eta Kappa Kappa,Basileus,EtaKappaKappaBasileus@oppf.org
Eta Kappa Kappa,KRS,EtaKappaKappaKRS@oppf.org
Eta Lambda,Basileus,EtaLambdaBasileus@oppf.org
Eta Lambda,KRS,EtaLambdaKRS@oppf.org
Eta Lambda Lambda,Basileus,EtaLambdaLambdaBasileus@oppf.org
Eta Lambda Lambda,KRS,EtaLambdaLambdaKRS@oppf.org
Eta Mu,Basileus,EtaMuBasileus@oppf.org
Eta Mu,KRS,EtaMuKRS@oppf.org
Eta Mu Mu,Basileus,EtaMuMuBasileus@oppf.org
Eta Mu Mu,KRS,EtaMuMuKRS@oppf.org
Eta Mu Nu,Basileus,EtaMuNuBasileus@oppf.org
Eta Mu Nu,KRS,EtaMuNuKRS@oppf.org
Eta Nu,Basileus,EtaNuBasileus@oppf.org
Eta Nu,KRS,EtaNuKRS@oppf.org
Eta Nu Nu,Basileus,EtaNuNuBasileus@oppf.org
Eta Nu Nu,KRS,EtaNuNuKRS@oppf.org
Eta Omega,Basileus,EtaOmegaBasileus@oppf.org
Eta Omega,KRS,EtaOmegaKRS@oppf.org
Eta Omicron,Basileus,EtaOmicronBasileus@oppf.org
Eta Omicron,KRS,EtaOmicronKRS@oppf.org
Eta Phi,Basileus,EtaPhiBasileus@oppf.org
Eta Phi,KRS,EtaPhiKRS@oppf.org
Eta Pi,Basileus,EtaPiBasileus@oppf.org
Eta Pi,KRS,EtaPiKRS@oppf.org
Eta Psi,Basileus,EtaPsiBasileus@oppf.org
Eta Psi,KRS,EtaPsiKRS@oppf.org
Eta Rho,Basileus,EtaRhoBasileus@oppf.org
Eta Rho,KRS,EtaRhoKRS@oppf.org
Eta Sigma,Basileus,EtaSigmaBasileus@oppf.org
Eta Sigma,KRS,EtaSigmaKRS@oppf.org
Eta Tau,Basileus,EtaTauBasileus@oppf.org
Eta Tau,KRS,EtaTauKRS@oppf.org
Eta Theta,Basileus,EtaThetaBasileus@oppf.org
Eta Theta,KRS,EtaThetaKRS@oppf.org
Eta Upsilon,Basileus,EtaUpsilonBasileus@oppf.org
Eta Upsilon,KRS,EtaUpsilonKRS@oppf.org
Eta Xi,Basileus,EtaXiBasileus@oppf.org
Eta Xi,KRS,EtaXiKRS@oppf.org
Eta Xi Nu,Basileus,EtaXiNuBasileus@oppf.org
Eta Xi Nu,KRS,EtaXiNuKRS@oppf.org
Eta Zeta,Basileus,EtaZetaBasileus@oppf.org
Eta Zeta,KRS,EtaZetaKRS@oppf.org
Gamma,Basileus,GammaBasileus@oppf.org
Gamma,KRS,GammaKRS@oppf.org
Gamma Alpha,Basileus,GammaAlphaBasileus@oppf.org
Gamma Alpha,KRS,GammaAlphaKRS@oppf.org
Gamma Alpha Alpha,Basileus,GammaAlphaAlphaBasileus@oppf.org
Gamma Alpha Alpha,KRS,GammaAlphaAlphaKRS@oppf.org
Gamma Beta,Basileus,GammaBetaBasileus@oppf.org
Gamma Beta,KRS,GammaBetaKRS@oppf.org
Gamma Beta Beta,Basileus,GammaBetaBetaBasileus@oppf.org
Gamma Beta Beta,KRS,GammaBetaBetaKRS@oppf.org
Gamma Chi,Basileus,GammaChiBasileus@oppf.org
Gamma Chi,KRS,GammaChiKRS@oppf.org
Gamma Delta,Basileus,GammaDeltaBasileus@oppf.org
Gamma Delta,KRS,GammaDeltaKRS@oppf.org
Gamma Delta Delta,Basileus,GammaDeltaDeltaBasileus@oppf.org
Gamma Delta Delta,KRS,GammaDeltaDeltaKRS@oppf.org
Gamma Epsilon,Basileus,GammaEpsilonBasileus@oppf.org
Gamma Epsilon,KRS,GammaEpsilonKRS@oppf.org
Gamma Eta,Basileus,GammaEtaBasileus@oppf.org
Gamma Eta,KRS,GammaEtaKRS@oppf.org
Gamma Gamma,Basileus,GammaGammaBasileus@oppf.org
Gamma Gamma,KRS,GammaGammaKRS@oppf.org
Gamma Gamma Gamma,Basileus,GammaGammaGammaBasileus@oppf.org
Gamma Gamma Gamma,KRS,GammaGammaGammaKRS@oppf.org
Gamma Iota,Basileus,GammaIotaBasileus@oppf.org
Gamma Iota,KRS,GammaIotaKRS@oppf.org
Gamma Iota Iota,Basileus,GammaIotaIotaBasileus@oppf.org
Gamma Iota Iota,KRS,GammaIotaIotaKRS@oppf.org
Gamma Kappa,Basileus,GammaKappaBasileus@oppf.org
Gamma Kappa,KRS,GammaKappaKRS@oppf.org
Gamma Kappa Kappa,Basileus,GammaKappaKappaBasileus@oppf.org
Gamma Kappa Kappa,KRS,GammaKappaKappaKRS@oppf.org
Gamma Lambda,Basileus,GammaLambdaBasileus@oppf.org
Gamma Lambda,KRS,GammaLambdaKRS@oppf.org
Gamma Lambda Lambda,Basileus,GammaLambdaLambdaBasileus@oppf.org
Gamma Lambda Lambda,KRS,GammaLambdaLambdaKRS@oppf.org
Gamma Mu,Basileus,GammaMuBasileus@oppf.org
Gamma Mu,KRS,GammaMuKRS@oppf.org
Gamma Mu Mu,Basileus,GammaMuMuBasileus@oppf.org
Gamma Mu Mu,KRS,GammaMuMuKRS@oppf.org
Gamma Mu Nu,Basileus,GammaMuNuBasileus@oppf.org
Gamma Mu Nu,KRS,GammaMuNuKRS@oppf.org
Gamma Nu,Basileus,GammaNuBasileus@oppf.org
Gamma Nu,KRS,GammaNuKRS@oppf.org
Gamma Nu Nu,Basileus,GammaNuNuBasileus@oppf.org
Gamma Nu Nu,KRS,GammaNuNuKRS@oppf.org
Gamma Omega,Basileus,GammaOmegaBasileus@oppf.org
Gamma Omega,KRS,GammaOmegaKRS@oppf.org
Gamma Omicron,Basileus,GammaOmicronBasileus@oppf.org
Gamma Omicron,KRS,GammaOmicronKRS@oppf.org
Gamma Phi,Basileus,GammaPhiBasileus@oppf.org
Gamma Phi,KRS,GammaPhiKRS@oppf.org
Gamma Pi,Basileus,GammaPiBasileus@oppf.org
Gamma Pi,KRS,GammaPiKRS@oppf.org
Gamma Psi,Basileus,GammaPsiBasileus@oppf.org
Gamma Psi,KRS,GammaPsiKRS@oppf.org
Gamma Rho,Basileus,GammaRhoBasileus@oppf.org
Gamma Rho,KRS,GammaRhoKRS@oppf.org
Gamma Sigma,Basileus,GammaSigmaBasileus@oppf.org
Gamma Sigma,KRS,GammaSigmaKRS@oppf.org
Gamma Tau,Basileus,GammaTauBasileus@oppf.org
Gamma Tau,KRS,GammaTauKRS@oppf.org
Gamma Theta,Basileus,GammaThetaBasileus@oppf.org
Gamma Theta,KRS,GammaThetaKRS@oppf.org
Gamma Upsilon,Basileus,GammaUpsilonBasileus@oppf.org
Gamma Upsilon,KRS,GammaUpsilonKRS@oppf.org
Gamma Xi,Basileus,GammaXiBasileus@oppf.org
Gamma Xi,KRS,GammaXiKRS@oppf.org
Gamma Xi Nu,Basileus,GammaXiNuBasileus@oppf.org
Gamma Xi Nu,KRS,GammaXiNuKRS@oppf.org
Gamma Zeta,Basileus,GammaZetaBasileus@oppf.org
Gamma Zeta,KRS,GammaZetaKRS@oppf.org
Grand,Basileus,GrandBasileus@oppf.org
Grand,KRS,GrandKRS@oppf.org
IHQ,Basileus,IHQBasileus@oppf.org
IHQ,KRS,IHQKRS@oppf.org
Iota,Basileus,IotaBasileus@oppf.org
Iota,KRS,IotaKRS@oppf.org
Iota Alpha,Basileus,IotaAlphaBasileus@oppf.org
Iota Alpha,KRS,IotaAlphaKRS@oppf.org
Iota Alpha Alpha,Basileus,IotaAlphaAlphaBasileus@oppf.org
Iota Alpha Alpha,KRS,IotaAlphaAlphaKRS@oppf.org
Iota Beta,Basileus,IotaBetaBasileus@oppf.org
Iota Beta,KRS,IotaBetaKRS@oppf.org
Iota Beta Beta,Basileus,IotaBetaBetaBasileus@oppf.org
Iota Beta Beta,KRS,IotaBetaBetaKRS@oppf.org
Iota Chi,Basileus,IotaChiBasileus@oppf.org
Iota Chi,KRS,IotaChiKRS@oppf.org
Iota Delta,Basileus,IotaDeltaBasileus@oppf.org
Iota Delta,KRS,IotaDeltaKRS@oppf.org
Iota Delta Delta,Basileus,IotaDeltaDeltaBasileus@oppf.org
Iota Delta Delta,KRS,IotaDeltaDeltaKRS@oppf.org
Iota Epsilon,Basileus,IotaEpsilonBasileus@oppf.org
Iota Epsilon,KRS,IotaEpsilonKRS@oppf.org
Iota Eta,Basileus,IotaEtaBasileus@oppf.org
Iota Eta,KRS,IotaEtaKRS@oppf.org
Iota Gamma,Basileus,IotaGammaBasileus@oppf.org
Iota Gamma,KRS,IotaGammaKRS@oppf.org
Iota Gamma Gamma,Basileus,IotaGammaGammaBasileus@oppf.org
Iota Gamma Gamma,KRS,IotaGammaGammaKRS@oppf.org
Iota Iota,Basileus,IotaIotaBasileus@oppf.org
Iota Iota,KRS,IotaIotaKRS@oppf.org
Iota Iota Iota,Basileus,IotaIotaIotaBasileus@oppf.org
Iota Iota Iota,KRS,IotaIotaIotaKRS@oppf.org
Iota Kappa,Basileus,IotaKappaBasileus@oppf.org
Iota Kappa,KRS,IotaKappaKRS@oppf.org
Iota Kappa Kappa,Basileus,IotaKappaKappaBasileus@oppf.org
Iota Kappa Kappa,KRS,IotaKappaKappaKRS@oppf.org
Iota Lambda,Basileus,IotaLambdaBasileus@oppf.org
Iota Lambda,KRS,IotaLambdaKRS@oppf.org
Iota Lambda Lambda,Basileus,IotaLambdaLambdaBasileus@oppf.org
Iota Lambda Lambda,KRS,IotaLambdaLambdaKRS@oppf.org
Iota Mu,Basileus,IotaMuBasileus@oppf.org
Iota Mu,KRS,IotaMuKRS@oppf.org
Iota Mu Mu,Basileus,IotaMuMuBasileus@oppf.org
Iota Mu Mu,KRS,IotaMuMuKRS@oppf.org
Iota Mu Nu,Basileus,IotaMuNuBasileus@oppf.org
Iota Mu Nu,KRS,IotaMuNuKRS@oppf.org
Iota Nu,Basileus,IotaNuBasileus@oppf.org
Iota Nu,KRS,IotaNuKRS@oppf.org
Iota Nu Nu,Basileus,IotaNuNuBasileus@oppf.org
Iota Nu Nu,KRS,IotaNuNuKRS@oppf.org
Iota Omega,Basileus,IotaOmegaBasileus@oppf.org
Iota Omega,KRS,IotaOmegaKRS@oppf.org
Iota Omicron,Basileus,IotaOmicronBasileus@oppf.org
Iota Omicron,KRS,IotaOmicronKRS@oppf.org
Iota Phi,Basileus,IotaPhiBasileus@oppf.org
Iota Phi,KRS,IotaPhiKRS@oppf.org
Iota Pi,Basileus,IotaPiBasileus@oppf.org
Iota Pi,KRS,IotaPiKRS@oppf.org
Iota Psi,Basileus,IotaPsiBasileus@oppf.org
Iota Psi,KRS,IotaPsiKRS@oppf.org
Iota Rho,Basileus,IotaRhoBasileus@oppf.org
Iota Rho,KRS,IotaRhoKRS@oppf.org
Iota Sigma,Basileus,IotaSigmaBasileus@oppf.org
Iota Sigma,KRS,IotaSigmaKRS@oppf.org
Iota Tau,Basileus,IotaTauBasileus@oppf.org
Iota Tau,KRS,IotaTauKRS@oppf.org
Iota Theta,Basileus,IotaThetaBasileus@oppf.org
Iota Theta,KRS,IotaThetaKRS@oppf.org
Iota Upsilon,Basileus,IotaUpsilonBasileus@oppf.org
Iota Upsilon,KRS,IotaUpsilonKRS@oppf.org
Iota Xi,Basileus,IotaXiBasileus@oppf.org
Iota Xi,KRS,IotaXiKRS@oppf.org
Iota Xi Nu,Basileus,IotaXiNuBasileus@oppf.org
Iota Xi Nu,KRS,IotaXiNuKRS@oppf.org
Iota Zeta,Basileus,IotaZetaBasileus@oppf.org
Iota Zeta,KRS,IotaZetaKRS@oppf.org
Kappa,Basileus,KappaBasileus@oppf.org
Kappa,KRS,KappaKRS@oppf.org
Kappa Alpha,Basileus,KappaAlphaBasileus@oppf.org
Kappa Alpha,KRS,KappaAlphaKRS@oppf.org
Kappa Alpha Alpha,Basileus,KappaAlphaAlphaBasileus@oppf.org
Kappa Alpha Alpha,KRS,KappaAlphaAlphaKRS@oppf.org
Kappa Beta,Basileus,KappaBetaBasileus@oppf.org
Kappa Beta,KRS,KappaBetaKRS@oppf.org
Kappa Beta Beta,Basileus,KappaBetaBetaBasileus@oppf.org
Kappa Beta Beta,KRS,KappaBetaBetaKRS@oppf.org
Kappa Chi,Basileus,KappaChiBasileus@oppf.org
Kappa Chi,KRS,KappaChiKRS@oppf.org
Kappa Delta,Basileus,KappaDeltaBasileus@oppf.org
Kappa Delta,KRS,KappaDeltaKRS@oppf.org
Kappa Delta Delta,Basileus,KappaDeltaDeltaBasileus@oppf.org
Kappa Delta Delta,KRS,KappaDeltaDeltaKRS@oppf.org
Kappa Epsilon,Basileus,KappaEpsilonBasileus@oppf.org
Kappa Epsilon,KRS,KappaEpsilonKRS@oppf.org
Kappa Eta,Basileus,KappaEtaBasileus@oppf.org
Kappa Eta,KRS,KappaEtaKRS@oppf.org
Kappa Gamma,Basileus,KappaGammaBasileus@oppf.org
Kappa Gamma,KRS,KappaGammaKRS@oppf.org
Kappa Gamma Gamma,Basileus,KappaGammaGammaBasileus@oppf.org
Kappa Gamma Gamma,KRS,KappaGammaGammaKRS@oppf.org
Kappa Iota,Basileus,KappaIotaBasileus@oppf.org
Kappa Iota,KRS,KappaIotaKRS@oppf.org
Kappa Iota Iota,Basileus,KappaIotaIotaBasileus@oppf.org
Kappa Iota Iota,KRS,KappaIotaIotaKRS@oppf.org
Kappa Kappa,Basileus,KappaKappaBasileus@oppf.org
Kappa Kappa,KRS,KappaKappaKRS@oppf.org
Kappa Kappa Kappa,Basileus,KappaKappaKappaBasileus@oppf.org
Kappa Kappa Kappa,KRS,KappaKappaKappaKRS@oppf.org
Kappa Lambda,Basileus,KappaLambdaBasileus@oppf.org
Kappa Lambda,KRS,KappaLambdaKRS@oppf.org
Kappa Lambda Lambda,Basileus,KappaLambdaLambdaBasileus@oppf.org
Kappa Lambda Lambda,KRS,KappaLambdaLambdaKRS@oppf.org
Kappa Mu,Basileus,KappaMuBasileus@oppf.org
Kappa Mu,KRS,KappaMuKRS@oppf.org
Kappa Mu Mu,Basileus,KappaMuMuBasileus@oppf.org
Kappa Mu Mu,KRS,KappaMuMuKRS@oppf.org
Kappa Mu Nu,Basileus,KappaMuNuBasileus@oppf.org
Kappa Mu Nu,KRS,KappaMuNuKRS@oppf.org
Kappa Nu,Basileus,KappaNuBasileus@oppf.org
Kappa Nu,KRS,KappaNuKRS@oppf.org
Kappa Nu Nu,Basileus,KappaNuNuBasileus@oppf.org
Kappa Nu Nu,KRS,KappaNuNuKRS@oppf.org
Kappa Omega,Basileus,KappaOmegaBasileus@oppf.org
Kappa Omega,KRS,KappaOmegaKRS@oppf.org
Kappa Omicron,Basileus,KappaOmicronBasileus@oppf.org
Kappa Omicron,KRS,KappaOmicronKRS@oppf.org
Kappa Phi,Basileus,KappaPhiBasileus@oppf.org
Kappa Phi,KRS,KappaPhiKRS@oppf.org
Kappa Pi,Basileus,KappaPiBasileus@oppf.org
Kappa Pi,KRS,KappaPiKRS@oppf.org
Kappa Psi,Basileus,KappaPsiBasileus@oppf.org
Kappa Psi,KRS,KappaPsiKRS@oppf.org
Kappa Rho,Basileus,KappaRhoBasileus@oppf.org
Kappa Rho,KRS,KappaRhoKRS@oppf.org
Kappa Sigma,Basileus,KappaSigmaBasileus@oppf.org
Kappa Sigma,KRS,KappaSigmaKRS@oppf.org
Kappa Tau,Basileus,KappaTauBasileus@oppf.org
Kappa Tau,KRS,KappaTauKRS@oppf.org
Kappa Theta,Basileus,KappaThetaBasileus@oppf.org
Kappa Theta,KRS,KappaThetaKRS@oppf.org
Kappa Upsilon,Basileus,KappaUpsilonBasileus@oppf.org
Kappa Upsilon,KRS,KappaUpsilonKRS@oppf.org
Kappa Xi,Basileus,KappaXiBasileus@oppf.org
Kappa Xi,KRS,KappaXiKRS@oppf.org
Kappa Xi Nu,Basileus,KappaXiNuBasileus@oppf.org
Kappa Xi Nu,KRS,KappaXiNuKRS@oppf.org
Kappa Zeta,Basileus,KappaZetaBasileus@oppf.org
Kappa Zeta,KRS,KappaZetaKRS@oppf.org
Lambda,Basileus,LambdaBasileus@oppf.org
Lambda,KRS,LambdaKRS@oppf.org
Lambda Alpha,Basileus,LambdaAlphaBasileus@oppf.org
Lambda Alpha,KRS,LambdaAlphaKRS@oppf.org
Lambda Alpha Alpha,Basileus,LambdaAlphaAlphaBasileus@oppf.org
Lambda Alpha Alpha,KRS,LambdaAlphaAlphaKRS@oppf.org
Lambda Beta,Basileus,LambdaBetaBasileus@oppf.org
Lambda Beta,KRS,LambdaBetaKRS@oppf.org
Lambda Beta Beta,Basileus,LambdaBetaBetaBasileus@oppf.org
Lambda Beta Beta,KRS,LambdaBetaBetaKRS@oppf.org
Lambda Chi,Basileus,LambdaChiBasileus@oppf.org
Lambda Chi,KRS,LambdaChiKRS@oppf.org
Lambda Delta,Basileus,LambdaDeltaBasileus@oppf.org
Lambda Delta,KRS,LambdaDeltaKRS@oppf.org
Lambda Delta Delta,Basileus,LambdaDeltaDeltaBasileus@oppf.org
Lambda Delta Delta,KRS,LambdaDeltaDeltaKRS@oppf.org
Lambda Epsilon,Basileus,LambdaEpsilonBasileus@oppf.org
Lambda Epsilon,KRS,LambdaEpsilonKRS@oppf.org
Lambda Eta,Basileus,LambdaEtaBasileus@oppf.org
Lambda Eta,KRS,LambdaEtaKRS@oppf.org
Lambda Gamma,Basileus,LambdaGammaBasileus@oppf.org
Lambda Gamma,KRS,LambdaGammaKRS@oppf.org
Lambda Gamma Gamma,Basileus,LambdaGammaGammaBasileus@oppf.org
Lambda Gamma Gamma,KRS,LambdaGammaGammaKRS@oppf.org
Lambda Iota,Basileus,LambdaIotaBasileus@oppf.org
Lambda Iota,KRS,LambdaIotaKRS@oppf.org
Lambda Iota Iota,Basileus,LambdaIotaIotaBasileus@oppf.org
Lambda Iota Iota,KRS,LambdaIotaIotaKRS@oppf.org
Lambda Kappa,Basileus,LambdaKappaBasileus@oppf.org
Lambda Kappa,KRS,LambdaKappaKRS@oppf.org
Lambda Kappa Kappa,Basileus,LambdaKappaKappaBasileus@oppf.org
Lambda Kappa Kappa,KRS,LambdaKappaKappaKRS@oppf.org
Lambda Lambda,Basileus,LambdaLambdaBasileus@oppf.org
Lambda Lambda,KRS,LambdaLambdaKRS@oppf.org
Lambda Lambda Lambda,Basileus,LambdaLambdaLambdaBasileus@oppf.org
Lambda Lambda Lambda,KRS,LambdaLambdaLambdaKRS@oppf.org
Lambda Mu,Basileus,LambdaMuBasileus@oppf.org
Lambda Mu,KRS,LambdaMuKRS@oppf.org
Lambda Mu Mu,Basileus,LambdaMuMuBasileus@oppf.org
Lambda Mu Mu,KRS,LambdaMuMuKRS@oppf.org
Lambda Mu Nu,Basileus,LambdaMuNuBasileus@oppf.org
Lambda Mu Nu,KRS,LambdaMuNuKRS@oppf.org
Lambda Nu,Basileus,LambdaNuBasileus@oppf.org
Lambda Nu,KRS,LambdaNuKRS@oppf.org
Lambda Nu Nu,Basileus,LambdaNuNuBasileus@oppf.org
Lambda Nu Nu,KRS,LambdaNuNuKRS@oppf.org
Lambda Omega,Basileus,LambdaOmegaBasileus@oppf.org
Lambda Omega,KRS,LambdaOmegaKRS@oppf.org
Lambda Omicron,Basileus,LambdaOmicronBasileus@oppf.org
Lambda Omicron,KRS,LambdaOmicronKRS@oppf.org
Lambda Phi,Basileus,LambdaPhiBasileus@oppf.org
Lambda Phi,KRS,LambdaPhiKRS@oppf.org
Lambda Pi,Basileus,LambdaPiBasileus@oppf.org
Lambda Pi,KRS,LambdaPiKRS@oppf.org
Lambda Psi,Basileus,LambdaPsiBasileus@oppf.org
Lambda Psi,KRS,LambdaPsiKRS@oppf.org
Lambda Rho,Basileus,LambdaRhoBasileus@oppf.org
Lambda Rho,KRS,LambdaRhoKRS@oppf.org
Lambda Sigma,Basileus,LambdaSigmaBasileus@oppf.org
Lambda Sigma,KRS,LambdaSigmaKRS@oppf.org
Lambda Tau,Basileus,LambdaTauBasileus@oppf.org
Lambda Tau,KRS,LambdaTauKRS@oppf.org
Lambda Theta,Basileus,LambdaThetaBasileus@oppf.org
Lambda Theta,KRS,LambdaThetaKRS@oppf.org
Lambda Upsilon,Basileus,LambdaUpsilonBasileus@oppf.org
Lambda Upsilon,KRS,LambdaUpsilonKRS@oppf.org
Lambda Xi,Basileus,LambdaXiBasileus@oppf.org
Lambda Xi,KRS,LambdaXiKRS@oppf.org
Lambda Xi Nu,Basileus,LambdaXiNuBasileus@oppf.org
Lambda Xi Nu,KRS,LambdaXiNuKRS@oppf.org
Lambda Zeta,Basileus,LambdaZetaBasileus@oppf.org
Lambda Zeta,KRS,LambdaZetaKRS@oppf.org
Life Members,Basileus,LifeMembersBasileus@oppf.org
Life Members,KRS,LifeMembersKRS@oppf.org
Mu,Basileus,MuBasileus@oppf.org
Mu,KRS,MuKRS@oppf.org
Mu Alpha,Basileus,MuAlphaBasileus@oppf.org
Mu Alpha,KRS,MuAlphaKRS@oppf.org
Mu Alpha Alpha,Basileus,MuAlphaAlphaBasileus@oppf.org
Mu Alpha Alpha,KRS,MuAlphaAlphaKRS@oppf.org
Mu Beta,Basileus,MuBetaBasileus@oppf.org
Mu Beta,KRS,MuBetaKRS@oppf.org
Mu Beta Beta,Basileus,MuBetaBetaBasileus@oppf.org
Mu Beta Beta,KRS,MuBetaBetaKRS@oppf.org
Mu Chi,Basileus,MuChiBasileus@oppf.org
Mu Chi,KRS,MuChiKRS@oppf.org
Mu Delta,Basileus,MuDeltaBasileus@oppf.org
Mu Delta,KRS,MuDeltaKRS@oppf.org
Mu Delta Delta,Basileus,MuDeltaDeltaBasileus@oppf.org
Mu Delta Delta,KRS,MuDeltaDeltaKRS@oppf.org
Mu Epsilon,Basileus,MuEpsilonBasileus@oppf.org
Mu Epsilon,KRS,MuEpsilonKRS@oppf.org
Mu Eta,Basileus,MuEtaBasileus@oppf.org
Mu Eta,KRS,MuEtaKRS@oppf.org
Mu Gamma,Basileus,MuGammaBasileus@oppf.org
Mu Gamma,KRS,MuGammaKRS@oppf.org
Mu Gamma Gamma,Basileus,MuGammaGammaBasileus@oppf.org
Mu Gamma Gamma,KRS,MuGammaGammaKRS@oppf.org
Mu Iota,Basileus,MuIotaBasileus@oppf.org
Mu Iota,KRS,MuIotaKRS@oppf.org
Mu Iota Iota,Basileus,MuIotaIotaBasileus@oppf.org
Mu Iota Iota,KRS,MuIotaIotaKRS@oppf.org
Mu Kappa,Basileus,MuKappaBasileus@oppf.org
Mu Kappa,KRS,MuKappaKRS@oppf.org
Mu Kappa Kappa,Basileus,MuKappaKappaBasileus@oppf.org
Mu Kappa Kappa,KRS,MuKappaKappaKRS@oppf.org
Mu Lambda,Basileus,MuLambdaBasileus@oppf.org
Mu Lambda,KRS,MuLambdaKRS@oppf.org
Mu Lambda Lambda,Basileus,MuLambdaLambdaBasileus@oppf.org
Mu Lambda Lambda,KRS,MuLambdaLambdaKRS@oppf.org
Mu Mu,Basileus,MuMuBasileus@oppf.org
Mu Mu,KRS,MuMuKRS@oppf.org
Mu Mu Mu,Basileus,MuMuMuBasileus@oppf.org
Mu Mu Mu,KRS,MuMuMuKRS@oppf.org
Mu Mu Nu,Basileus,MuMuNuBasileus@oppf.org
Mu Mu Nu,KRS,MuMuNuKRS@oppf.org
Mu Nu,Basileus,MuNuBasileus@oppf.org
Mu Nu,KRS,MuNuKRS@oppf.org
Mu Nu Nu,Basileus,MuNuNuBasileus@oppf.org
Mu Nu Nu,KRS,MuNuNuKRS@oppf.org
Mu Omega,Basileus,MuOmegaBasileus@oppf.org
Mu Omega,KRS,MuOmegaKRS@oppf.org
Mu Omicron,Basileus,MuOmicronBasileus@oppf.org
Mu Omicron,KRS,MuOmicronKRS@oppf.org
Mu Phi,Basileus,MuPhiBasileus@oppf.org
Mu Phi,KRS,MuPhiKRS@oppf.org
Mu Pi,Basileus,MuPiBasileus@oppf.org
Mu Pi,KRS,MuPiKRS@oppf.org
Mu Psi,Basileus,MuPsiBasileus@oppf.org
Mu Psi,KRS,MuPsiKRS@oppf.org
Mu Rho,Basileus,MuRhoBasileus@oppf.org
Mu Rho,KRS,MuRhoKRS@oppf.org
Mu Sigma,Basileus,MuSigmaBasileus@oppf.org
Mu Sigma,KRS,MuSigmaKRS@oppf.org
Mu Tau,Basileus,MuTauBasileus@oppf.org
Mu Tau,KRS,MuTauKRS@oppf.org
Mu Theta,Basileus,MuThetaBasileus@oppf.org
Mu Theta,KRS,MuThetaKRS@oppf.org
Mu Upsilon,Basileus,MuUpsilonBasileus@oppf.org
Mu Upsilon,KRS,MuUpsilonKRS@oppf.org
Mu Xi,Basileus,MuXiBasileus@oppf.org
Mu Xi,KRS,MuXiKRS@oppf.org
Mu Zeta,Basileus,MuZetaBasileus@oppf.org
Mu Zeta,KRS,MuZetaKRS@oppf.org
Nu,Basileus,NuBasileus@oppf.org
Nu,KRS,NuKRS@oppf.org
Nu Alpha,Basileus,NuAlphaBasileus@oppf.org
Nu Alpha,KRS,NuAlphaKRS@oppf.org
Nu Alpha Alpha,Basileus,NuAlphaAlphaBasileus@oppf.org
Nu Alpha Alpha,KRS,NuAlphaAlphaKRS@oppf.org
Nu Beta,Basileus,NuBetaBasileus@oppf.org
Nu Beta,KRS,NuBetaKRS@oppf.org
Nu Beta Beta,Basileus,NuBetaBetaBasileus@oppf.org
Nu Beta Beta,KRS,NuBetaBetaKRS@oppf.org
Nu Chi,Basileus,NuChiBasileus@oppf.org
Nu Chi,KRS,NuChiKRS@oppf.org
Nu Delta,Basileus,NuDeltaBasileus@oppf.org
Nu Delta,KRS,NuDeltaKRS@oppf.org
Nu Delta Delta,Basileus,NuDeltaDeltaBasileus@oppf.org
Nu Delta Delta,KRS,NuDeltaDeltaKRS@oppf.org
Nu Epsilon,Basileus,NuEpsilonBasileus@oppf.org
Nu Epsilon,KRS,NuEpsilonKRS@oppf.org
Nu Eta,Basileus,NuEtaBasileus@oppf.org
Nu Eta,KRS,NuEtaKRS@oppf.org
Nu Gamma,Basileus,NuGammaBasileus@oppf.org
Nu Gamma,KRS,NuGammaKRS@oppf.org
Nu Gamma Gamma,Basileus,NuGammaGammaBasileus@oppf.org
Nu Gamma Gamma,KRS,NuGammaGammaKRS@oppf.org
Nu Iota,Basileus,NuIotaBasileus@oppf.org
Nu Iota,KRS,NuIotaKRS@oppf.org
Nu Iota Iota,Basileus,NuIotaIotaBasileus@oppf.org
Nu Iota Iota,KRS,NuIotaIotaKRS@oppf.org
Nu Kappa,Basileus,NuKappaBasileus@oppf.org
Nu Kappa,KRS,NuKappaKRS@oppf.org
Nu Kappa Kappa,Basileus,NuKappaKappaBasileus@oppf.org
Nu Kappa Kappa,KRS,NuKappaKappaKRS@oppf.org
Nu Lambda,Basileus,NuLambdaBasileus@oppf.org
Nu Lambda,KRS,NuLambdaKRS@oppf.org
Nu Lambda Lambda,Basileus,NuLambdaLambdaBasileus@oppf.org
Nu Lambda Lambda,KRS,NuLambdaLambdaKRS@oppf.org
Nu Mu,Basileus,NuMuBasileus@oppf.org
Nu Mu,KRS,NuMuKRS@oppf.org
Nu Mu Mu,Basileus,NuMuMuBasileus@oppf.org
Nu Mu Mu,KRS,NuMuMuKRS@oppf.org
Nu Mu Nu,Basileus,NuMuNuBasileus@oppf.org
Nu Mu Nu,KRS,NuMuNuKRS@oppf.org
Nu Nu,Basileus,NuNuBasileus@oppf.org
Nu Nu,KRS,NuNuKRS@oppf.org
Nu Nu Nu,Basileus,NuNuNuBasileus@oppf.org
Nu Nu Nu,KRS,NuNuNuKRS@oppf.org
Nu Omega,Basileus,NuOmegaBasileus@oppf.org
Nu Omega,KRS,NuOmegaKRS@oppf.org
Nu Omicron,Basileus,NuOmicronBasileus@oppf.org
Nu Omicron,KRS,NuOmicronKRS@oppf.org
Nu Phi,Basileus,NuPhiBasileus@oppf.org
Nu Phi,KRS,NuPhiKRS@oppf.org
Nu Pi,Basileus,NuPiBasileus@oppf.org
Nu Pi,KRS,NuPiKRS@oppf.org
Nu Psi,Basileus,NuPsiBasileus@oppf.org
Nu Psi,KRS,NuPsiKRS@oppf.org
Nu Rho,Basileus,NuRhoBasileus@oppf.org
Nu Rho,KRS,NuRhoKRS@oppf.org
Nu Sigma,Basileus,NuSigmaBasileus@oppf.org
Nu Sigma,KRS,NuSigmaKRS@oppf.org
Nu Tau,Basileus,NuTauBasileus@oppf.org
Nu Tau,KRS,NuTauKRS@oppf.org
Nu Theta,Basileus,NuThetaBasileus@oppf.org
Nu Theta,KRS,NuThetaKRS@oppf.org
Nu Upsilon,Basileus,NuUpsilonBasileus@oppf.org
Nu Upsilon,KRS,NuUpsilonKRS@oppf.org
Nu Xi,Basileus,NuXiBasileus@oppf.org
Nu Xi,KRS,NuXiKRS@oppf.org
Nu Zeta,Basileus,NuZetaBasileus@oppf.org
Nu Zeta,KRS,NuZetaKRS@oppf.org
Omega Alpha Alpha,Basileus,OmegaAlphaAlphaBasileus@oppf.org
Omega Alpha Alpha,KRS,OmegaAlphaAlphaKRS@oppf.org
Omega Beta,Basileus,OmegaBetaBasileus@oppf.org
Omega Beta,KRS,OmegaBetaKRS@oppf.org
Omega Beta Beta,Basileus,OmegaBetaBetaBasileus@oppf.org
Omega Beta Beta,KRS,OmegaBetaBetaKRS@oppf.org
Omega Chi,Basileus,OmegaChiBasileus@oppf.org
Omega Chi,KRS,OmegaChiKRS@oppf.org
Omega Delta,Basileus,OmegaDeltaBasileus@oppf.org
Omega Delta,KRS,OmegaDeltaKRS@oppf.org
Omega Delta Delta,Basileus,OmegaDeltaDeltaBasileus@oppf.org
Omega Delta Delta,KRS,OmegaDeltaDeltaKRS@oppf.org
Omega Epsilon,Basileus,OmegaEpsilonBasileus@oppf.org
Omega Epsilon,KRS,OmegaEpsilonKRS@oppf.org
Omega Eta,Basileus,OmegaEtaBasileus@oppf.org
Omega Eta,KRS,OmegaEtaKRS@oppf.org
Omega Gamma,Basileus,OmegaGammaBasileus@oppf.org
Omega Gamma,KRS,OmegaGammaKRS@oppf.org
Omega Gamma Gamma,Basileus,OmegaGammaGammaBasileus@oppf.org
Omega Gamma Gamma,KRS,OmegaGammaGammaKRS@oppf.org
Omega Iota Iota,Basileus,OmegaIotaIotaBasileus@oppf.org
Omega Iota Iota,KRS,OmegaIotaIotaKRS@oppf.org
Omega Kappa,Basileus,OmegaKappaBasileus@oppf.org
Omega Kappa,KRS,OmegaKappaKRS@oppf.org
Omega Kappa Kappa,Basileus,OmegaKappaKappaBasileus@oppf.org
Omega Kappa Kappa,KRS,OmegaKappaKappaKRS@oppf.org
Omega Lambda,Basileus,OmegaLambdaBasileus@oppf.org
Omega Lambda,KRS,OmegaLambdaKRS@oppf.org
Omega Lambda Lambda,Basileus,OmegaLambdaLambdaBasileus@oppf.org
Omega Lambda Lambda,KRS,OmegaLambdaLambdaKRS@oppf.org
Omega Mu,Basileus,OmegaMuBasileus@oppf.org
Omega Mu,KRS,OmegaMuKRS@oppf.org
Omega Mu Mu,Basileus,OmegaMuMuBasileus@oppf.org
Omega Mu Mu,KRS,OmegaMuMuKRS@oppf.org
Omega Mu Nu,Basileus,OmegaMuNuBasileus@oppf.org
Omega Mu Nu,KRS,OmegaMuNuKRS@oppf.org
Omega Nu,Basileus,OmegaNuBasileus@oppf.org
Omega Nu,KRS,OmegaNuKRS@oppf.org
Omega Pi,Basileus,OmegaPiBasileus@oppf.org
Omega Pi,KRS,OmegaPiKRS@oppf.org
Omega Theta,Basileus,OmegaThetaBasileus@oppf.org
Omega Theta,KRS,OmegaThetaKRS@oppf.org
Omega Xi,Basileus,OmegaXiBasileus@oppf.org
Omega Xi,KRS,OmegaXiKRS@oppf.org
Omega Zeta,Basileus,OmegaZetaBasileus@oppf.org
Omega Zeta,KRS,OmegaZetaKRS@oppf.org
Omicron,Basileus,OmicronBasileus@oppf.org
Omicron,KRS,OmicronKRS@oppf.org
Omicron Alpha,Basileus,OmicronAlphaBasileus@oppf.org
Omicron Alpha,KRS,OmicronAlphaKRS@oppf.org
Omicron Alpha Alpha,Basileus,OmicronAlphaAlphaBasileus@oppf.org
Omicron Alpha Alpha,KRS,OmicronAlphaAlphaKRS@oppf.org
Omicron Beta,Basileus,OmicronBetaBasileus@oppf.org
Omicron Beta,KRS,OmicronBetaKRS@oppf.org
Omicron Beta Beta,Basileus,OmicronBetaBetaBasileus@oppf.org
Omicron Beta Beta,KRS,OmicronBetaBetaKRS@oppf.org
Omicron Chi,Basileus,OmicronChiBasileus@oppf.org
Omicron Chi,KRS,OmicronChiKRS@oppf.org
Omicron Delta,Basileus,OmicronDeltaBasileus@oppf.org
Omicron Delta,KRS,OmicronDeltaKRS@oppf.org
Omicron Delta Delta,Basileus,OmicronDeltaDeltaBasileus@oppf.org
Omicron Delta Delta,KRS,OmicronDeltaDeltaKRS@oppf.org
Omicron Epsilon,Basileus,OmicronEpsilonBasileus@oppf.org
Omicron Epsilon,KRS,OmicronEpsilonKRS@oppf.org
Omicron Eta,Basileus,OmicronEtaBasileus@oppf.org
Omicron Eta,KRS,OmicronEtaKRS@oppf.org
Omicron Gamma,Basileus,OmicronGammaBasileus@oppf.org
Omicron Gamma,KRS,OmicronGammaKRS@oppf.org
Omicron Gamma Gamma,Basileus,OmicronGammaGammaBasileus@oppf.org
Omicron Gamma Gamma,KRS,OmicronGammaGammaKRS@oppf.org
